SourceFile,LinkText,LinkTarget,LineNumber
"./README.md","インストール","getting-started/installation.md",17
"./README.md","クイックスタート","getting-started/quick-start.md",18
"./README.md","最初の一歩","getting-started/first-steps.md",19
"./README.md","インストールガイド","getting-started/installation.md",31
"./README.md","クイックスタート","getting-started/quick-start.md",32
"./README.md","最初の一歩","getting-started/first-steps.md",33
"./README.md","README","getting-started/README.md",34
"./README.md","設定システム概要","user-guide/configuration/overview.md",46
"./README.md","グローバル設定","user-guide/configuration/global-settings.md",47
"./README.md","Agent設定","user-guide/configuration/agent-configuration.md",48
"./README.md","MCP設定","user-guide/configuration/mcp-configuration.md",49
"./README.md","環境変数","user-guide/configuration/environment-variables.md",50
"./README.md","優先順位ルール","user-guide/configuration/priority-rules.md",51
"./README.md","設定例集","user-guide/configuration/examples.md",52
"./README.md","チャット機能","user-guide/features/chat.md",58
"./README.md","Agent機能","user-guide/features/agents.md",59
"./README.md","MCP設定","user-guide/configuration/mcp-configuration.md",60
"./README.md","Checkpoint機能","user-guide/features/checkpoints.md",62
"./README.md","キーボードショートカット","user-guide/features/keyboard-shortcuts.md",63
"./README.md","オートコンプリート","user-guide/features/autocomplete.md",64
"./README.md","SSH/リモート接続","user-guide/features/ssh-remote.md",65
"./README.md","実験的機能","user-guide/features/experimental.md",66
"./README.md","README","user-guide/features/README.md",67
"./README.md","エンタープライズ導入ガイド","user-guide/enterprise-deployment.md",73
"./README.md","設定のベストプラクティス","user-guide/best-practices/configuration.md",79
"./README.md","セキュリティ","user-guide/best-practices/security.md",80
"./README.md","パフォーマンス最適化","user-guide/best-practices/performance.md",81
"./README.md","よくある問題","user-guide/troubleshooting/common-issues.md",87
"./README.md","FAQ","user-guide/troubleshooting/faq.md",88
"./README.md","アーキテクチャ概要","developer-guide/architecture/overview.md",100
"./README.md","ソースコード構造","developer-guide/architecture/source-code-structure.md",101
"./README.md","コード統計","developer-guide/architecture/code-statistics.md",102
"./README.md","コントリビューションガイド","developer-guide/contributing/README.md",108
"./README.md","開発環境セットアップ","developer-guide/contributing/development-setup.md",109
"./README.md","設定項目リファレンス","reference/settings-reference.md",119
"./README.md","環境変数リファレンス","user-guide/configuration/environment-variables.md",120
"./README.md","設定ファイル配置マップ","reference/configuration-file-locations.md",121
"./README.md","コマンドリファレンス","reference/commands.md",122
"./README.md","用語集","reference/glossary.md",123
"./README.md","変更履歴","updates/changelog.md",133
"./README.md","ロードマップ","updates/roadmap.md",134
"./README.md","バージョン履歴 v1.13-v1.17","updates/version-history-v1.13-v1.17.md",135
"./README.md","README","updates/README.md",136
"./README.md","リソース集","community/resources.md",146
"./README.md","README","community/README.md",147
"./README.md","クイックスタート","getting-started/quick-start.md",208
"./README.md","Agent設定","user-guide/configuration/agent-configuration.md",209
"./README.md","よくある問題","user-guide/troubleshooting/common-issues.md",210
"./README.md","設定項目リファレンス","reference/settings-reference.md",211
"./README.md","コントリビューションガイド","developer-guide/contributing/README.md",223
"./README.md","インストールガイド","getting-started/installation.md",231
"./VERIFICATION_CHECKLIST.md","QUALITY_ASSURANCE.md","QUALITY_ASSURANCE.md",187
"./VERIFICATION_CHECKLIST.md","CONTRIBUTING.md","CONTRIBUTING.md",188
"./VERIFICATION_CHECKLIST.md","CONTRIBUTING.md","CONTRIBUTING.md",190
"./VERIFICATION_CHECKLIST.md","QUALITY_ASSURANCE.md","QUALITY_ASSURANCE.md",190
"./VERIFICATION_CHECKLIST.md","CONTRIBUTING.md","CONTRIBUTING.md",191
"./analysis/source-code-scale-analysis.md","ソースコード構造マップ","source-code-structure.md",223
"./analysis/source-code-scale-analysis.md","バージョン履歴","../updates/version-history-v1.13-v1.17.md",224
"./analysis/source-code-scale-analysis.md","ロードマップ分析","roadmap-analysis-20251008.md",225
"./analysis/source-code-structure.md","設定優先順位ガイド","../user-guide/configuration/priority-rules.md",408
"./analysis/source-code-structure.md","設定項目完全リファレンス","../reference/settings-reference.md",409
"./analysis/source-code-structure.md","環境変数ガイド","../user-guide/configuration/environment-variables.md",410
"./analysis/source-code-structure.md","Agent設定ファイル完全仕様","../user-guide/configuration/agent-configuration.md",411
"./community/README.md","貢献ガイド","contributing.md",35
"./community/README.md","開発環境のセットアップ","../developer-guide/contributing/development-setup.md",36
"./community/README.md","PRガイドライン","../developer-guide/contributing/pull-request-guide.md",37
"./community/README.md","リソース集","resources.md",66
"./community/README.md","ユースケース紹介","showcase.md",67
"./community/README.md","Getting Started","../getting-started/README.md",70
"./community/README.md","User Guide","../user-guide/README.md",71
"./community/README.md","Developer Guide","../developer-guide/README.md",72
"./community/contributing.md","開発環境セットアップガイド","../developer-guide/contributing/development-setup.md",94
"./community/contributing.md","PRガイドライン","../developer-guide/contributing/pull-request-guide.md",175
"./community/contributing.md","開発環境セットアップ","../developer-guide/contributing/development-setup.md",251
"./community/contributing.md","PRガイドライン","../developer-guide/contributing/pull-request-guide.md",252
"./community/contributing.md","アーキテクチャ概要","../developer-guide/architecture/overview.md",253
"./community/resources.md","Changelog","../updates/changelog.md",25
"./community/resources.md","Roadmap","../updates/roadmap.md",26
"./community/resources.md","インストールガイド","../getting-started/installation.md",40
"./community/resources.md","クイックスタート","../getting-started/quick-start.md",41
"./community/resources.md","最初の一歩","../getting-started/first-steps.md",42
"./community/resources.md","設定システム概要","../user-guide/configuration/overview.md",45
"./community/resources.md","Agent設定","../user-guide/configuration/agent-configuration.md",46
"./community/resources.md","MCP設定","../user-guide/configuration/mcp-configuration.md",47
"./community/resources.md","Agent機能","../user-guide/features/agents.md",52
"./community/resources.md","MCP設定","../user-guide/configuration/mcp-configuration.md",53
"./community/resources.md","設定のベストプラクティス","../user-guide/best-practices/configuration.md",57
"./community/resources.md","セキュリティ","../user-guide/best-practices/security.md",58
"./community/resources.md","パフォーマンス最適化","../user-guide/best-practices/performance.md",59
"./community/resources.md","アーキテクチャ概要","../developer-guide/architecture/overview.md",64
"./community/resources.md","ソースコード構造","../developer-guide/architecture/source-code-structure.md",65
"./community/resources.md","貢献ガイド","contributing.md",66
"./community/resources.md","ユースケース紹介","showcase.md",139
"./community/resources.md","インストール","../getting-started/installation.md",146
"./community/resources.md","クイックスタート","../getting-started/quick-start.md",147
"./community/resources.md","基本的な使い方","../getting-started/first-steps.md",148
"./community/resources.md","設定システム概要","../user-guide/configuration/overview.md",149
"./community/resources.md","Agent設定","../user-guide/configuration/agent-configuration.md",152
"./community/resources.md","MCP統合","../user-guide/configuration/mcp-configuration.md",153
"./community/resources.md","ベストプラクティス","../user-guide/best-practices/configuration.md",155
"./community/resources.md","アーキテクチャ理解","../developer-guide/architecture/overview.md",158
"./community/resources.md","ソースコード解析","../developer-guide/architecture/source-code-structure.md",159
"./community/resources.md","開発環境構築","../developer-guide/contributing/development-setup.md",160
"./community/resources.md","コントリビューション","contributing.md",161
"./community/resources.md","コミュニティ","README.md",212
"./community/showcase.md","PRを送信","contributing.md",260
"./community/showcase.md","Getting Started","../getting-started/README.md",271
"./community/showcase.md","Agent設定","../user-guide/configuration/agent-configuration.md",272
"./community/showcase.md","MCP設定","../user-guide/configuration/mcp-configuration.md",273
"./community/showcase.md","ベストプラクティス","../user-guide/best-practices/configuration.md",274
"./developer-guide/README.md","ソースコード構造","architecture/source-code-structure.md",24
"./developer-guide/README.md","コード統計","architecture/code-statistics.md",25
"./developer-guide/README.md","開発環境構築","contributing/development-setup.md",26
"./developer-guide/README.md","開発環境構築","contributing/development-setup.md",29
"./developer-guide/README.md","コントリビューションガイド","contributing/README.md",30
"./developer-guide/README.md","ソースコード構造","architecture/source-code-structure.md",31
"./developer-guide/README.md","設定システム詳細","architecture/configuration-system.md",32
"./developer-guide/architecture/README.md","ソースコード構造","source-code-structure.md",17
"./developer-guide/architecture/README.md","コード統計","code-statistics.md",18
"./developer-guide/architecture/README.md","設定システム詳細","configuration-system.md",19
"./developer-guide/architecture/README.md","ソースコード構造","source-code-structure.md",26
"./developer-guide/architecture/README.md","コード統計","code-statistics.md",27
"./developer-guide/architecture/README.md","ソースコード構造","source-code-structure.md",30
"./developer-guide/architecture/README.md","設定システム詳細","configuration-system.md",31
"./developer-guide/architecture/README.md","コード統計","code-statistics.md",32
"./developer-guide/architecture/code-statistics.md","詳細分析レポート","../../analysis/source-code-scale-analysis.md",105
"./developer-guide/architecture/code-statistics.md","ソースコード構造","source-code-structure.md",106
"./developer-guide/architecture/configuration-system.md","設定項目完全リファレンス","../../reference/settings-reference.md",442
"./developer-guide/architecture/configuration-system.md","設定優先順位ガイド","../../user-guide/configuration/priority-rules.md",443
"./developer-guide/architecture/configuration-system.md","Agent設定ガイド","../../user-guide/configuration/agent-configuration.md",444
"./developer-guide/architecture/configuration-system.md","環境変数ガイド","../../user-guide/configuration/environment-variables.md",445
"./developer-guide/architecture/overview.md","ソースコード構造","source-code-structure.md",40
"./developer-guide/architecture/overview.md","設定システム詳細","configuration-system.md",41
"./developer-guide/architecture/source-code-structure.md","設定優先順位ガイド","../../user-guide/configuration/priority-rules.md",408
"./developer-guide/architecture/source-code-structure.md","設定項目完全リファレンス","../../reference/settings-reference.md",409
"./developer-guide/architecture/source-code-structure.md","環境変数ガイド","../../user-guide/configuration/environment-variables.md",410
"./developer-guide/architecture/source-code-structure.md","Agent設定ファイル完全仕様","../../user-guide/configuration/agent-configuration.md",411
"./developer-guide/contributing/README.md","開発環境セットアップ","development-setup.md",196
"./developer-guide/contributing/pull-request-guide.md","貢献ガイド","../../community/contributing.md",234
"./developer-guide/contributing/pull-request-guide.md","開発環境セットアップ","development-setup.md",235
"./developer-guide/contributing/pull-request-guide.md","コーディング規約","README.md",236
"./developer-guide/contributing/pull-request-guide.md","開発環境セットアップ","development-setup.md",238
"./developer-guide/contributing/pull-request-guide.md","貢献ガイド","../../community/contributing.md",238
"./developer-guide/contributing/pull-request-guide.md","開発環境セットアップ","development-setup.md",239
"./developer-guide/contributing/pull-request-guide.md","コーディング規約","README.md",240
"./developer-guide/contributing/pull-request-guide.md","コーディング規約","README.md",242
"./developer-guide/contributing/pull-request-guide.md","貢献ガイド","../../community/contributing.md",242
"./developer-guide/contributing/pull-request-guide.md","開発環境セットアップ","development-setup.md",243
"./developer-guide/contributing/pull-request-guide.md","コーディング規約","README.md",244
"./getting-started/README.md","インストールガイド","installation.md",17
"./getting-started/README.md","クイックスタート","quick-start.md",18
"./getting-started/README.md","最初の一歩","first-steps.md",19
"./getting-started/README.md","クイックスタート","quick-start.md",25
"./getting-started/README.md","最初の一歩","first-steps.md",40
"./getting-started/README.md","インストールガイド","installation.md",61
"./getting-started/README.md","クイックスタート","quick-start.md",62
"./getting-started/README.md","最初の一歩","first-steps.md",63
"./getting-started/README.md","クイックスタート","quick-start.md",67
"./getting-started/README.md","最初の一歩","first-steps.md",68
"./getting-started/README.md","チャット機能","../user-guide/features/chat.md",115
"./getting-started/README.md","Agent機能","../user-guide/features/agents.md",116
"./getting-started/README.md","MCP 設定","../user-guide/configuration/mcp-configuration.md",117
"./getting-started/README.md","設定ガイド","../user-guide/configuration/overview.md",120
"./getting-started/README.md","Agent設定","../user-guide/configuration/agent-configuration.md",121
"./getting-started/README.md","設定例集","../user-guide/configuration/examples.md",122
"./getting-started/README.md","設定のベストプラクティス","../user-guide/best-practices/configuration.md",125
"./getting-started/README.md","セキュリティ","../user-guide/best-practices/security.md",126
"./getting-started/README.md","よくある問題","../user-guide/troubleshooting/common-issues.md",133
"./getting-started/README.md","FAQ","../user-guide/troubleshooting/faq.md",134
"./getting-started/README.md","リソース集","../community/resources.md",138
"./getting-started/first-steps.md","インストール","installation.md",11
"./getting-started/first-steps.md","クイックスタート","quick-start.md",12
"./getting-started/first-steps.md","チャット機能","../user-guide/features/chat.md",333
"./getting-started/first-steps.md","Agent機能","../user-guide/features/agents.md",334
"./getting-started/first-steps.md","MCP 設定","../user-guide/configuration/mcp-configuration.md",335
"./getting-started/first-steps.md","設定ガイド","../user-guide/configuration/overview.md",339
"./getting-started/first-steps.md","ベストプラクティス","../user-guide/best-practices/configuration.md",340
"./getting-started/first-steps.md","トラブルシューティング","../user-guide/troubleshooting/common-issues.md",344
"./getting-started/first-steps.md","FAQ","../user-guide/troubleshooting/faq.md",345
"./getting-started/first-steps.md","クイックスタート","quick-start.md",351
"./getting-started/first-steps.md","インストールガイド","installation.md",352
"./getting-started/installation.md","設定のベストプラクティス","../user-guide/best-practices/configuration.md",137
"./getting-started/installation.md","セキュリティベストプラクティス","../user-guide/best-practices/security.md",138
"./getting-started/installation.md","パフォーマンス最適化","../user-guide/best-practices/performance.md",139
"./getting-started/installation.md","エンタープライズ導入ガイド","../user-guide/enterprise-deployment.md",370
"./getting-started/installation.md","設定ファイル配置マップ","../reference/configuration-file-locations.md",446
"./getting-started/installation.md","トラブルシューティングガイド","../user-guide/troubleshooting/common-issues.md",567
"./getting-started/installation.md","よくある問題と解決方法","../user-guide/troubleshooting/common-issues.md",570
"./getting-started/installation.md","FAQ","../user-guide/troubleshooting/faq.md",571
"./getting-started/installation.md","クイックスタート","quick-start.md",687
"./getting-started/installation.md","最初の一歩","first-steps.md",688
"./getting-started/installation.md","設定ガイド","../user-guide/configuration/overview.md",689
"./getting-started/quick-start.md","最初の一歩","first-steps.md",158
"./getting-started/quick-start.md","チャット機能","../user-guide/features/chat.md",159
"./getting-started/quick-start.md","Agent機能","../user-guide/features/agents.md",160
"./getting-started/quick-start.md","設定ガイド","../user-guide/configuration/overview.md",164
"./getting-started/quick-start.md","Agent設定","../user-guide/configuration/agent-configuration.md",165
"./getting-started/quick-start.md","設定例集","../user-guide/configuration/examples.md",166
"./getting-started/quick-start.md","よくある問題","../user-guide/troubleshooting/common-issues.md",170
"./getting-started/quick-start.md","FAQ","../user-guide/troubleshooting/faq.md",171
"./getting-started/quick-start.md","インストールガイド","installation.md",177
"./index.md","設定項目完全リスト","reference/settings-reference.md",42
"./index.md","環境変数リスト","reference/environment-variables.md",43
"./index.md","コマンドリファレンス","reference/commands.md",44
"./index.md","用語集","reference/glossary.md",45
"./reference/README.md","設定項目リファレンス","settings-reference.md",17
"./reference/README.md","環境変数リファレンス","../user-guide/configuration/environment-variables.md",18
"./reference/README.md","設定ファイル配置マップ","configuration-file-locations.md",19
"./reference/README.md","用語集","glossary.md",20
"./reference/commands.md","チャット機能ガイド","../user-guide/features/chat.md",305
"./reference/commands.md","Agent設定ガイド","../user-guide/configuration/agent-configuration.md",306
"./reference/commands.md","設定項目リファレンス","settings-reference.md",307
"./reference/commands.md","環境変数リファレンス","../user-guide/configuration/environment-variables.md",308
"./reference/configuration-file-locations.md","設定項目リファレンス","settings-reference.md",128
"./reference/configuration-file-locations.md","Agent設定ガイド","../user-guide/configuration/agent-configuration.md",156
"./reference/configuration-file-locations.md","Agent設定ガイド","../user-guide/configuration/agent-configuration.md",187
"./reference/configuration-file-locations.md","MCP設定ガイド","../user-guide/configuration/mcp-configuration.md",224
"./reference/configuration-file-locations.md","設定優先順位ガイド","../user-guide/configuration/priority-rules.md",241
"./reference/configuration-file-locations.md","設定優先順位ガイド","../user-guide/configuration/priority-rules.md",480
"./reference/configuration-file-locations.md","Agent設定ガイド","../user-guide/configuration/agent-configuration.md",481
"./reference/configuration-file-locations.md","MCP設定ガイド","../user-guide/configuration/mcp-configuration.md",482
"./reference/configuration-file-locations.md","環境変数ガイド","../user-guide/configuration/environment-variables.md",483
"./reference/configuration-file-locations.md","設定項目リファレンス","settings-reference.md",484
"./reference/glossary.md","Agent設定ガイド","../user-guide/configuration/agent-configuration.md",343
"./reference/glossary.md","MCP設定ガイド","../user-guide/configuration/mcp-configuration.md",344
"./reference/glossary.md","設定優先順位","../user-guide/configuration/priority-rules.md",345
"./reference/glossary.md","実験的機能","../user-guide/features/experimental.md",346
"./reference/settings-reference.md","推奨設定ガイド","../user-guide/best-practices/configuration.md",288
"./reference/settings-reference.md","環境変数ガイド","../user-guide/configuration/environment-variables.md",289
"./reference/settings-reference.md","設定優先順位","../user-guide/configuration/priority-rules.md",290
"./reference/settings-reference.md","ベストプラクティス","../user-guide/best-practices/configuration.md",291
"./reference/supported-environments.md","インストールガイド","../getting-started/installation.md",138
"./reference/supported-environments.md","トラブルシューティング","../user-guide/troubleshooting/common-issues.md",139
"./updates/README.md","変更履歴","changelog.md",32
"./updates/README.md","バージョン履歴 v1.13-v1.17","version-history-v1.13-v1.17.md",33
"./updates/README.md","マイグレーションガイド","migration-guides.md",36
"./updates/README.md","変更履歴","changelog.md",37
"./updates/README.md","ロードマップ","roadmap.md",40
"./updates/README.md","バージョン履歴 v1.13-v1.17","version-history-v1.13-v1.17.md",41
"./updates/README.md","変更履歴","changelog.md",49
"./updates/README.md","ロードマップ","roadmap.md",50
"./updates/README.md","バージョン履歴 v1.13-v1.17","version-history-v1.13-v1.17.md",51
"./updates/README.md","マイグレーションガイド","migration-guides.md",52
"./updates/changelog.md","ロードマップ","roadmap.md",117
"./updates/changelog.md","マイグレーションガイド","migration-guides.md",118
"./updates/migration-guides.md","変更履歴","changelog.md",306
"./updates/migration-guides.md","設定ガイド","../user-guide/configuration/README.md",307
"./updates/migration-guides.md","トラブルシューティング","../user-guide/troubleshooting/README.md",308
"./updates/migration-guides.md","トラブルシューティングガイド","../user-guide/troubleshooting/common-issues.md",316
"./updates/roadmap.md","貢献ガイド","../community/contributing.md",165
"./updates/roadmap.md","変更履歴","changelog.md",171
"./updates/roadmap.md","マイグレーションガイド","migration-guides.md",172
"./user-guide/README.md","エンタープライズ導入","enterprise-deployment.md",21
"./user-guide/best-practices/README.md","設定のベストプラクティス","configuration.md",17
"./user-guide/best-practices/README.md","セキュリティ","security.md",18
"./user-guide/best-practices/README.md","パフォーマンス最適化","performance.md",19
"./user-guide/best-practices/configuration.md","Agent設定ガイド","../configuration/agent-configuration.md",624
"./user-guide/best-practices/configuration.md","MCP設定ガイド","../configuration/mcp-configuration.md",625
"./user-guide/best-practices/configuration.md","環境変数ガイド","../configuration/environment-variables.md",626
"./user-guide/best-practices/configuration.md","トラブルシューティング","../troubleshooting/common-issues.md",627
"./user-guide/best-practices/configuration.md","セキュリティベストプラクティス","security.md",628
"./user-guide/best-practices/configuration.md","パフォーマンス最適化","performance.md",629
"./user-guide/best-practices/performance.md","設定項目リファレンス","../../reference/settings-reference.md",693
"./user-guide/best-practices/performance.md","Agent設定ガイド","../configuration/agent-configuration.md",694
"./user-guide/best-practices/performance.md","MCP設定ガイド","../configuration/mcp-configuration.md",695
"./user-guide/best-practices/performance.md","環境変数ガイド","../configuration/environment-variables.md",696
"./user-guide/best-practices/performance.md","トラブルシューティング","../troubleshooting/common-issues.md",697
"./user-guide/best-practices/performance.md","設定のベストプラクティス","configuration.md",698
"./user-guide/best-practices/performance.md","セキュリティベストプラクティス","security.md",699
"./user-guide/best-practices/security.md","Agent設定ガイド","../configuration/agent-configuration.md",678
"./user-guide/best-practices/security.md","MCP設定ガイド","../configuration/mcp-configuration.md",679
"./user-guide/best-practices/security.md","環境変数ガイド","../configuration/environment-variables.md",680
"./user-guide/best-practices/security.md","トラブルシューティング","../troubleshooting/common-issues.md",681
"./user-guide/best-practices/security.md","設定のベストプラクティス","configuration.md",682
"./user-guide/best-practices/security.md","パフォーマンス最適化","performance.md",683
"./user-guide/configuration/README.md","Agent設定","agent-configuration.md",17
"./user-guide/configuration/README.md","MCP設定","mcp-configuration.md",18
"./user-guide/configuration/README.md","環境変数","environment-variables.md",19
"./user-guide/configuration/README.md","優先順位ルール","priority-rules.md",20
"./user-guide/configuration/README.md","設定例集","examples.md",21
"./user-guide/configuration/README.md","Agent設定","agent-configuration.md",28
"./user-guide/configuration/README.md","設定例集","examples.md",29
"./user-guide/configuration/README.md","MCP設定","mcp-configuration.md",30
"./user-guide/configuration/README.md","Agent設定","agent-configuration.md",33
"./user-guide/configuration/README.md","MCP設定","mcp-configuration.md",34
"./user-guide/configuration/README.md","環境変数","environment-variables.md",35
"./user-guide/configuration/README.md","優先順位ルール","priority-rules.md",36
"./user-guide/configuration/README.md","ベストプラクティス","../best-practices/configuration.md",53
"./user-guide/configuration/README.md","トラブルシューティング","../troubleshooting/common-issues.md",54
"./user-guide/configuration/README.md","設定項目リファレンス","../../reference/settings-reference.md",55
"./user-guide/configuration/README.md","設定ファイル配置マップ","../../reference/configuration-file-locations.md",56
"./user-guide/configuration/agent-configuration.md","設定のベストプラクティス","../best-practices/configuration.md",306
"./user-guide/configuration/agent-configuration.md","セキュリティベストプラクティス","../best-practices/security.md",307
"./user-guide/configuration/agent-configuration.md","パフォーマンス最適化","../best-practices/performance.md",308
"./user-guide/configuration/agent-configuration.md","トラブルシューティングガイド","../troubleshooting/common-issues.md",315
"./user-guide/configuration/agent-configuration.md","よくある質問","../troubleshooting/faq.md",320
"./user-guide/configuration/agent-configuration.md","設定例集","examples.md",489
"./user-guide/configuration/agent-configuration.md","MCP設定","mcp-configuration.md",500
"./user-guide/configuration/agent-configuration.md","設定例集","examples.md",501
"./user-guide/configuration/agent-configuration.md","ベストプラクティス","../best-practices/configuration.md",502
"./user-guide/configuration/agent-configuration.md","トラブルシューティング","../troubleshooting/common-issues.md",503
"./user-guide/configuration/environment-variables.md","設定のベストプラクティス","../best-practices/configuration.md",381
"./user-guide/configuration/environment-variables.md","セキュリティベストプラクティス","../best-practices/security.md",382
"./user-guide/configuration/environment-variables.md","パフォーマンス最適化","../best-practices/performance.md",383
"./user-guide/configuration/environment-variables.md","設定優先順位ガイド","priority-rules.md",390
"./user-guide/configuration/environment-variables.md","設定項目完全リファレンス","../../reference/settings-reference.md",391
"./user-guide/configuration/environment-variables.md","推奨設定ガイド","../best-practices/configuration.md",392
"./user-guide/configuration/environment-variables.md","ベストプラクティス","../best-practices/configuration.md",393
"./user-guide/configuration/environment-variables.md","Agent設定ファイル完全仕様","agent-configuration.md",394
"./user-guide/configuration/examples.md","設定システム概要","overview.md",467
"./user-guide/configuration/examples.md","Agent設定","agent-configuration.md",468
"./user-guide/configuration/examples.md","MCP設定","mcp-configuration.md",469
"./user-guide/configuration/examples.md","環境変数","environment-variables.md",470
"./user-guide/configuration/examples.md","優先順位ルール","priority-rules.md",471
"./user-guide/configuration/global-settings.md","設定システム概要","overview.md",321
"./user-guide/configuration/global-settings.md","設定項目完全リファレンス","../../reference/settings-reference.md",322
"./user-guide/configuration/global-settings.md","設定例集","examples.md",323
"./user-guide/configuration/global-settings.md","設定優先順位ガイド","priority-rules.md",324
"./user-guide/configuration/mcp-configuration.md","設定のベストプラクティス","../best-practices/configuration.md",364
"./user-guide/configuration/mcp-configuration.md","セキュリティベストプラクティス","../best-practices/security.md",365
"./user-guide/configuration/mcp-configuration.md","パフォーマンス最適化","../best-practices/performance.md",366
"./user-guide/configuration/mcp-configuration.md","トラブルシューティングガイド","../troubleshooting/common-issues.md",373
"./user-guide/configuration/mcp-configuration.md","よくある質問","../troubleshooting/faq.md",378
"./user-guide/configuration/mcp-configuration.md","設定例集","examples.md",384
"./user-guide/configuration/mcp-configuration.md","Agent設定","agent-configuration.md",395
"./user-guide/configuration/mcp-configuration.md","環境変数","environment-variables.md",396
"./user-guide/configuration/mcp-configuration.md","設定例集","examples.md",397
"./user-guide/configuration/overview.md","グローバル設定","global-settings.md",40
"./user-guide/configuration/overview.md","Agent設定","agent-configuration.md",53
"./user-guide/configuration/overview.md","MCP設定","mcp-configuration.md",65
"./user-guide/configuration/overview.md","環境変数","environment-variables.md",72
"./user-guide/configuration/overview.md","設定優先順位","priority-rules.md",92
"./user-guide/configuration/overview.md","ベストプラクティス","../best-practices/configuration.md",201
"./user-guide/configuration/overview.md","トラブルシューティングガイド","../troubleshooting/common-issues.md",207
"./user-guide/configuration/overview.md","よくある問題と解決方法","../troubleshooting/common-issues.md",210
"./user-guide/configuration/overview.md","FAQ","../troubleshooting/faq.md",211
"./user-guide/configuration/overview.md","グローバル設定","global-settings.md",219
"./user-guide/configuration/overview.md","設定例","examples.md",220
"./user-guide/configuration/overview.md","環境変数","environment-variables.md",221
"./user-guide/configuration/overview.md","Agent設定","agent-configuration.md",224
"./user-guide/configuration/overview.md","MCP設定","mcp-configuration.md",225
"./user-guide/configuration/overview.md","優先順位ルール","priority-rules.md",226
"./user-guide/configuration/overview.md","設定システム詳細","../../developer-guide/architecture/configuration-system.md",229
"./user-guide/configuration/overview.md","設定項目リファレンス","../../reference/settings-reference.md",237
"./user-guide/configuration/overview.md","環境変数リファレンス","../../user-guide/configuration/environment-variables.md",238
"./user-guide/configuration/overview.md","コマンドリファレンス","../../reference/commands.md",239
"./user-guide/configuration/priority-rules.md","トラブルシューティングガイド","../troubleshooting/common-issues.md",374
"./user-guide/configuration/priority-rules.md","よくある問題と解決方法","../troubleshooting/common-issues.md",377
"./user-guide/configuration/priority-rules.md","FAQ","../troubleshooting/faq.md",378
"./user-guide/configuration/priority-rules.md","設定項目完全リファレンス","../../reference/settings-reference.md",425
"./user-guide/configuration/priority-rules.md","環境変数ガイド","./environment-variables.md",426
"./user-guide/configuration/priority-rules.md","推奨設定ガイド","../best-practices/configuration.md",427
"./user-guide/configuration/priority-rules.md","ベストプラクティス","../best-practices/configuration.md",428
"./user-guide/configuration/priority-rules.md","Agent設定ファイル完全仕様","agent-configuration.md",429
"./user-guide/enterprise-deployment.md","トラブルシューティングガイド","troubleshooting/common-issues.md",349
"./user-guide/enterprise-deployment.md","よくある問題と解決方法","troubleshooting/common-issues.md",352
"./user-guide/enterprise-deployment.md","FAQ","troubleshooting/faq.md",353
"./user-guide/enterprise-deployment.md","インストールガイド","../getting-started/installation.md",375
"./user-guide/enterprise-deployment.md","環境変数ガイド","configuration/environment-variables.md",376
"./user-guide/enterprise-deployment.md","セキュリティベストプラクティス","best-practices/security.md",377
"./user-guide/enterprise-deployment.md","インストールガイド","../getting-started/installation.md",383
"./user-guide/enterprise-deployment.md","クイックスタート","../getting-started/quick-start.md",384
"./user-guide/enterprise-deployment.md","Agent設定","configuration/agent-configuration.md",385
"./user-guide/features/README.md","チャット機能","chat.md",17
"./user-guide/features/README.md","Agent機能","agents.md",18
"./user-guide/features/README.md","Checkpoint機能","checkpoints.md",19
"./user-guide/features/README.md","キーボードショートカット","keyboard-shortcuts.md",20
"./user-guide/features/README.md","オートコンプリート","autocomplete.md",21
"./user-guide/features/README.md","SSH/リモート接続","ssh-remote.md",22
"./user-guide/features/README.md","実験的機能","experimental.md",23
"./user-guide/features/README.md","チャット機能","chat.md",30
"./user-guide/features/README.md","キーボードショートカット","keyboard-shortcuts.md",31
"./user-guide/features/README.md","Agent機能","agents.md",32
"./user-guide/features/README.md","Agent機能","agents.md",35
"./user-guide/features/README.md","実験的機能","experimental.md",36
"./user-guide/features/README.md","実験的機能","experimental.md",39
"./user-guide/features/README.md","SSH/リモート接続","ssh-remote.md",40
"./user-guide/features/README.md","MCP設定ガイド","../configuration/mcp-configuration.md",54
"./user-guide/features/README.md","パフォーマンス最適化","../best-practices/performance.md",54
"./user-guide/features/agents.md","Agent設定ガイド","../configuration/agent-configuration.md",112
"./user-guide/features/agents.md","設定例集","../configuration/examples.md",113
"./user-guide/features/agents.md","MCP設定ガイド","../configuration/mcp-configuration.md",114
"./user-guide/features/agents.md","Agent設定ガイド","../configuration/agent-configuration.md",360
"./user-guide/features/agents.md","MCP設定ガイド","../configuration/mcp-configuration.md",361
"./user-guide/features/agents.md","設定例集","../configuration/examples.md",362
"./user-guide/features/autocomplete.md","インストールガイド","../../getting-started/installation.md",74
"./user-guide/features/autocomplete.md","サポート環境","../../reference/supported-environments.md",75
"./user-guide/features/autocomplete.md","コマンドリファレンス","../../reference/commands.md",76
"./user-guide/features/autocomplete.md","チャット機能","chat.md",77
"./user-guide/features/chat.md","トラブルシューティングガイド","../troubleshooting/common-issues.md",241
"./user-guide/features/chat.md","よくある問題と解決方法","../troubleshooting/common-issues.md",244
"./user-guide/features/chat.md","FAQ","../troubleshooting/faq.md",245
"./user-guide/features/chat.md","最初の一歩","../../getting-started/first-steps.md",252
"./user-guide/features/chat.md","Agent機能","agents.md",253
"./user-guide/features/chat.md","Checkpoint機能","checkpoints.md",255
"./user-guide/features/chat.md","グローバル設定","../configuration/global-settings.md",256
"./user-guide/features/chat.md","コマンドリファレンス","../../reference/commands.md",257
"./user-guide/features/checkpoints.md","チャット機能","chat.md",145
"./user-guide/features/checkpoints.md","グローバル設定","../configuration/global-settings.md",146
"./user-guide/features/checkpoints.md","実験的機能","experimental.md",147
"./user-guide/features/experimental.md","チャット機能","chat.md",471
"./user-guide/features/experimental.md","Agent機能","agents.md",472
"./user-guide/features/experimental.md","設定ガイド","../configuration/README.md",473
"./user-guide/features/experimental.md","トラブルシューティング","../troubleshooting/common-issues.md",474
"./user-guide/features/keyboard-shortcuts.md","最初の一歩","../../getting-started/first-steps.md",392
"./user-guide/features/keyboard-shortcuts.md","グローバル設定","../configuration/global-settings.md",393
"./user-guide/features/keyboard-shortcuts.md","推奨設定","../best-practices/configuration.md",394
"./user-guide/features/keyboard-shortcuts.md","設定項目リファレンス","../../reference/settings-reference.md",395
"./user-guide/features/ssh-remote.md","トラブルシューティングガイド","../troubleshooting/common-issues.md",153
"./user-guide/features/ssh-remote.md","よくある問題と解決方法","../troubleshooting/common-issues.md",156
"./user-guide/features/ssh-remote.md","FAQ","../troubleshooting/faq.md",157
"./user-guide/features/ssh-remote.md","設定のベストプラクティス","../best-practices/configuration.md",238
"./user-guide/features/ssh-remote.md","セキュリティベストプラクティス","../best-practices/security.md",239
"./user-guide/features/ssh-remote.md","パフォーマンス最適化","../best-practices/performance.md",240
"./user-guide/features/ssh-remote.md","インストールガイド","../../getting-started/installation.md",247
"./user-guide/features/ssh-remote.md","環境変数リファレンス","../../user-guide/configuration/environment-variables.md",249
"./user-guide/features/ssh-remote.md","セキュリティベストプラクティス","../best-practices/security.md",250
"./user-guide/troubleshooting/README.md","よくある問題","common-issues.md",17
"./user-guide/troubleshooting/README.md","FAQ","faq.md",18
"./user-guide/troubleshooting/README.md","よくある問題","common-issues.md",27
"./user-guide/troubleshooting/README.md","FAQ","faq.md",31
"./user-guide/troubleshooting/common-issues.md","推奨設定ガイド","../best-practices/configuration.md",1004
"./user-guide/troubleshooting/common-issues.md","ベストプラクティス","../best-practices/configuration.md",1005
"./user-guide/troubleshooting/common-issues.md","Agent設定ファイル完全仕様","agent-configuration.md",1006
"./user-guide/troubleshooting/faq.md","インストールガイド","../../getting-started/installation.md",23
"./user-guide/troubleshooting/faq.md","インストールガイド","../../getting-started/installation.md",39
"./user-guide/troubleshooting/faq.md","優先順位ルール","../configuration/priority-rules.md",62
"./user-guide/troubleshooting/faq.md","Agent機能","../features/agents.md",74
"./user-guide/troubleshooting/faq.md","MCP設定","../configuration/mcp-configuration.md",100
"./user-guide/troubleshooting/faq.md","MCP設定","../configuration/mcp-configuration.md",130
"./user-guide/troubleshooting/faq.md","よくある問題","common-issues.md",140
"./user-guide/troubleshooting/faq.md","パフォーマンス最適化","../best-practices/performance.md",146
"./user-guide/troubleshooting/faq.md","パフォーマンス最適化","../best-practices/performance.md",190
"./user-guide/troubleshooting/faq.md","セキュリティのベストプラクティス","../best-practices/security.md",202
"./user-guide/troubleshooting/faq.md","Agent設定","../configuration/agent-configuration.md",205
